node1,node2,weight
Agra,Patna,{'weight': 838}
Agra,Madhepura,{'weight': 968}
Agra,Sagar,{'weight': 423}
Agra,Baghpat,{'weight': 265}
Agra,Aligarh,{'weight': 93}
Agra,Rohtas,{'weight': 726}
Agra,Jehanabad,{'weight': 872}
Aligarh,Kota,{'weight': 494}
Aligarh,Arrah,{'weight': 801}
Aligarh,Pakur,{'weight': 1233}
Aligarh,Aligarh,{'weight': 0}
Aligarh,Jehanabad,{'weight': 887}
Araria,Daudnagar,{'weight': 416}
Araria,Ghazipur,{'weight': 470}
Arrah,Raebareli,{'weight': 418}
Arrah,Faridabad,{'weight': 903}
Baghpat,Belagavi,{'weight': 1786}
Baghpat,Faridabad,{'weight': 69}
Baghpat,Sagar,{'weight': 688}
Baghpat,Dholpur,{'weight': 322}
Baghpat,Calicut,{'weight': 2468}
Balaghat,Bhopal,{'weight': 469}
Balaghat,Morena,{'weight': 713}
Balaghat,Sagar,{'weight': 354}
Balaghat,Palamu,{'weight': 689}
Belagavi,Una,{'weight': 2061}
Belagavi,Morena,{'weight': 1482}
Belagavi,Sitapur,{'weight': 1782}
Bhagalpur,Gaya,{'weight': 240}
Bhagalpur,Una,{'weight': 1577}
Bhagalpur,Sagar,{'weight': 1053}
Bhagalpur,Bikaner,{'weight': 1594}
Bhagalpur,Sri Ganganagar,{'weight': 1653}
Bhopal,Una,{'weight': 1156}
Bhopal,Madhepura,{'weight': 1166}
Bhopal,Sitapur,{'weight': 703}
Bhopal,Pakur,{'weight': 1364}
Bhopal,Durgapur,{'weight': 1253}
Bikaner,Kota,{'weight': 477}
Bikaner,Sikar,{'weight': 221}
Bikaner,Una,{'weight': 589}
Bikaner,Palamu,{'weight': 1455}
Bikaner,Dholpur,{'weight': 618}
Bundi,Gaya,{'weight': 1122}
Bundi,Sarangarh,{'weight': 1081}
Bundi,Pakur,{'weight': 1499}
Bundi,Nawada,{'weight': 1182}
Calicut,Mahoba,{'weight': 2010}
Calicut,Pakur,{'weight': 2404}
Chitrakoot,Madhepura,{'weight': 671}
Chitrakoot,Morena,{'weight': 424}
Chitrakoot,Sitapur,{'weight': 316}
Chitrakoot,Sri Ganganagar,{'weight': 1043}
Daudnagar,Raebareli,{'weight': 432}
Daudnagar,Madhepura,{'weight': 289}
Daudnagar,Faridabad,{'weight': 917}
Daudnagar,Palamu,{'weight': 160}
Daudnagar,Sri Ganganagar,{'weight': 1384}
Delhi,Rajsamand,{'weight': 623}
Delhi,Raebareli,{'weight': 579}
Delhi,Jaipur,{'weight': 288}
Delhi,Sri Ganganagar,{'weight': 408}
Dholpur,Madhepura,{'weight': 998}
Dholpur,Rohtas,{'weight': 745}
Durgapur,Rajsamand,{'weight': 1600}
Durgapur,Sarangarh,{'weight': 672}
Durgapur,Morena,{'weight': 1111}
Durgapur,Jodhpur,{'weight': 1672}
Durgapur,Pakur,{'weight': 168}
Durgapur,Mirzapur,{'weight': 557}
Durgapur,Durgapur,{'weight': 0}
Faridabad,Kota,{'weight': 477}
Faridabad,Sikar,{'weight': 278}
Faridabad,Morena,{'weight': 257}
Faridabad,Jodhpur,{'weight': 602}
Gaya,Lucknow,{'weight': 537}
Gaya,Jodhpur,{'weight': 1440}
Gaya,Jehanabad,{'weight': 49}
Ghazipur,Sikar,{'weight': 1027}
Ghazipur,Mahoba,{'weight': 439}
Ghazipur,Ghazipur,{'weight': 0}
Hanamkonda,Lakhimpur,{'weight': 1397}
Hanamkonda,Madhepura,{'weight': 1519}
Jehanabad,Jodhpur,{'weight': 1441}
Jehanabad,Rohtas,{'weight': 118}
Jodhpur,Kota,{'weight': 388}
Jodhpur,Sitamarhi,{'weight': 1454}
Kota,Madhepura,{'weight': 1268}
Kota,Sagar,{'weight': 448}
Lakhimpur,Sikar,{'weight': 664}
Lakhimpur,Pakur,{'weight': 1027}
Mahoba,Sarangarh,{'weight': 749}
Mahoba,Morena,{'weight': 303}
Mahoba,Mahoba,{'weight': 0}
Mahoba,Pakur,{'weight': 982}
Mirzapur,Sarangarh,{'weight': 563}
Mirzapur,Morena,{'weight': 574}
Mirzapur,Rohtas,{'weight': 181}
Morena,Rohtas,{'weight': 734}
Nawada,Rajsamand,{'weight': 1393}
Nawada,Sarangarh,{'weight': 625}
Palamu,Prayagraj,{'weight': 405}
Palamu,Sri Ganganagar,{'weight': 1497}
Patna,Rohtas,{'weight': 146}
Prayagraj,Sri Ganganagar,{'weight': 1082}
Raebareli,Sikar,{'weight': 751}
Rajsamand,Sri Ganganagar,{'weight': 671}
Rohtas,Sitapur,{'weight': 527}
Sagar,Sikar,{'weight': 727}
